{
  "theta_deg": 28.192714981413538,
  "M": 0.021583188092430868,
  "X": 54.91679284787119,
  "l1": 37865.20933296845,
  "success": true
}